,נפגעים - קשה,נפגעים - קל,תאונות - כללי - קשות,תאונות - כללי - קלות,תאונות - דו גלגלי - נפגעים - קל,נפגעים - הרוגים,תאונות - כללי - קטלניות,תאונות - הולכי רגל - נפגעים - קל,תאונות - הולכי רגל - תאונות - קלות,תאונות - משאית - נפגעים - קל,תאונות - דו גלגלי - נפגעים - קשה,תאונות - דו גלגלי - תאונות - קשות,תאונות - משאית - נפגעים - קשה,תאונות - הולכי רגל - נפגעים - קשה,תאונות - הולכי רגל - תאונות - קשות,תאונות - דו גלגלי - נפגעים - הרוגים,תאונות - דו גלגלי - תאונות - קטלניות,תאונות - דו גלגלי - תאונות - קלות,תאונות - משאית - תאונות - קשות,תאונות - משאית - נפגעים - הרוגים,תאונות - משאית - תאונות - קטלניות,תאונות - הולכי רגל - נפגעים - הרוגים,תאונות - הולכי רגל - תאונות - קטלניות
1::כניסה לאל-זעים:צומת אלון,1,20,1,8,2,0,0,0,0,0,0,0,0,0,0,0,0,0,0,0,0,0,0
1::כניסה למצפה יריחו:כניסה לורד יריחו,2,24,0,6,0,1,1,4,1,1,0,0,0,0,0,0,0,0,0,0,0,0,0
2::כניסה לתחנת דלק:צומת הרצלייה,1,20,1,12,5,0,0,0,0,0,0,0,0,0,0,0,0,0,0,0,0,0,0
2::צומת נוף ים:כניסה לרשפון,1,2,1,1,0,0,0,0,0,0,1,0,0,0,0,0,0,0,0,0,0,0,0
2::כניסה לרשפון:כניסה לגעש,3,10,3,4,1,0,0,0,0,1,2,2,1,0,0,0,0,0,0,0,0,0,0
2::כניסה ליקום:כניסה למכון וינגייט,1,1,1,1,1,0,0,0,0,0,0,0,0,0,0,0,0,0,0,0,0,0,0
2::כניסה לאודים:צומת אלכסנדר,10,24,9,12,3,1,1,0,0,0,7,6,1,1,1,1,1,3,0,0,0,0,0
3::כניסה לכפר ורבורג:כניסה לקריית מלאכי (דרום),1,28,1,10,0,0,0,0,0,1,0,0,0,0,0,0,0,0,0,0,0,0,0
3::כניסה לתחנת דלק:כניסה לבני ראם,1,15,1,4,1,0,0,0,0,0,0,0,1,1,1,0,0,1,0,0,0,0,0
3::כניסה ליד בנימין:כניסה ליסודות,1,6,1,0,0,0,0,0,0,0,0,0,0,0,0,0,0,0,0,0,0,0,0
3::כניסה לטל שחר:כניסה לפארק קנדה,1,1,1,0,0,0,0,0,0,1,0,0,1,0,0,0,0,0,0,0,0,0,0
5::צומת גלילות:כניסה לפנימייה,1,13,1,8,2,0,0,0,0,0,0,0,0,0,0,0,0,0,0,0,0,0,0
5::כניסה לפנימייה:גשר הולכי רגל (מרכז טניס),3,24,3,13,6,0,0,0,0,3,2,2,1,0,0,0,0,4,1,0,0,0,0
12::כניסה לברנע:צומת סיירים,1,0,1,0,0,0,0,0,0,0,1,0,0,0,0,0,0,0,0,0,0,0,0
20::גשר יצחק רבין:כניסה לתיכון הולץ,5,58,5,40,15,2,2,1,1,1,2,2,1,2,2,1,1,13,1,0,0,0,0
20::כניסה לתיכון הולץ:גשר מוזס,8,52,8,31,11,0,0,1,1,3,7,7,1,0,0,0,0,11,1,0,0,0,0
25::כניסה לדימונה:כניסה לאל-הוואשלה,1,8,1,0,0,0,0,0,0,0,0,0,0,0,0,0,0,0,0,0,0,0,0
25::כניסה להתישבות בדואים:כניסה לנבטים,2,28,2,0,0,1,1,0,0,0,0,0,0,0,0,0,0,0,0,0,0,0,0
25::כניסה לתפרח:כניסה לתחנת נסיונית,1,4,1,0,0,0,0,0,0,0,0,0,0,0,0,0,0,0,0,0,0,0,0
25::כניסה לחווה (מגדה):כניסה לשיבולים,2,45,2,13,0,0,0,0,0,2,0,0,0,0,0,0,0,0,0,0,0,0,0
31::כניסה לתחנת דלק (:כניסה לחורה,1,19,1,7,0,0,0,0,0,0,0,0,0,1,0,0,0,0,0,0,0,0,0
31::כניסה לחורה:כניסה להר דרגות,1,4,1,1,2,1,1,0,0,0,0,0,0,0,0,1,1,0,0,0,0,0,0
31::כניסה להר דרגות:כניסה לא תעשייה ערד,1,5,1,2,0,0,0,0,0,2,0,0,0,0,0,0,0,0,0,0,0,0,0
34::צומת יכיני:כניסה לגבים,1,5,1,2,0,0,0,0,0,1,0,0,1,0,0,0,0,0,0,0,0,0,0
35::צומת ברכיה:כניסה למצודת יואב,1,21,1,10,0,0,0,0,0,1,1,1,0,0,0,0,0,0,0,0,0,0,0
35::כניסה למצודת יואב:כניסה ליד נתן,2,12,1,7,1,0,0,0,0,1,0,0,0,0,0,0,0,1,0,0,0,0,0
"35::כניסה לקק""ל:כניסה לקריית גת",1,3,0,0,0,0,0,0,0,0,0,0,0,0,0,0,0,0,0,0,0,0,0
35::כניסה לשדה משה:כניסה ליער המלאכים,1,9,1,0,0,0,0,0,0,0,0,0,0,0,0,0,0,0,0,0,0,0,0
35::כניסה ליער המלאכים:כניסה לתל מורשה,2,2,0,0,0,0,0,0,0,0,0,0,0,0,0,0,0,0,0,0,0,0,0
35::צומת גוברין:כניסה לנחושה,1,1,1,1,0,1,1,0,0,0,0,0,0,0,0,0,0,0,0,0,0,1,0
35::כניסה לנחושה:צומת תרקומיא,1,1,1,1,0,0,0,1,0,0,0,0,0,0,0,0,0,0,0,0,0,0,0
35::צומת תרקומיא:צומת הזכוכית,1,10,1,1,0,2,2,0,0,0,0,0,0,0,0,0,0,0,0,0,0,1,0
38::כניסה למצפה משואה:כניסה לתל עזקה,7,0,0,0,0,1,0,0,0,0,0,0,0,0,0,0,0,0,0,0,0,0,0
38::כניסה לכפר זכריה:כניסה לרמת בית שמש (דרום),2,5,1,0,0,0,0,0,0,0,0,0,0,0,0,0,0,0,0,0,0,0,0
40::כניסה לא תעשייה מ רמון:כניסה לכלא נפחא,2,9,0,1,0,4,3,0,0,0,0,0,0,0,0,1,0,0,0,0,0,0,0
40::כניסה למדרשת בן גוריון:כניסה לשדה בוקר,1,7,1,0,0,0,0,0,0,0,0,0,0,0,0,0,0,0,0,0,0,0,0
40::כניסה לשדה בוקר (צפון):כניסה לתחנת דלק,2,2,1,0,0,0,0,0,0,0,0,0,0,0,0,0,0,0,0,0,0,0,0
40::כניסה לתחנת דלק:כניסה למשאבי שדה,1,7,1,0,0,0,0,0,0,0,0,0,0,0,0,0,0,0,0,0,0,0,0
40::כניסה לרמת בקע:כניסה לתחנת דלק,1,15,1,0,0,0,0,0,0,0,0,0,0,0,0,0,0,0,0,0,0,0,0
40::כניסה לתחנת דלק:צומת רמת חובב,2,16,2,0,0,0,0,0,0,0,0,0,0,0,0,0,0,0,0,0,0,0,0
40::צומת רמת חובב:צומת להבים,3,65,3,24,0,3,3,0,0,11,0,0,0,0,0,1,1,0,0,1,1,0,0
40::צומת להבים:כניסה לאחוזם,1,10,1,4,0,0,0,0,0,0,1,0,0,0,0,0,0,0,0,0,0,0,0
40::כניסה לאחוזם:כניסה לעוזה,1,3,1,0,0,0,0,0,0,0,0,0,0,0,0,0,0,0,0,0,0,0,0
40::כניסה לעוזה:צומת פלוגות,2,4,2,0,0,0,0,0,0,0,0,0,0,0,0,0,0,0,0,0,0,0,0
40::צומת פלוגות:כניסה לניר בנים,4,23,2,0,0,0,0,0,0,0,0,0,0,0,0,0,0,0,0,0,0,0,0
40::צומת תלמי יחיאל:כניסה לתחנת דלק,11,128,9,42,0,3,3,0,0,14,1,1,0,0,0,1,1,0,0,1,1,0,0
40::כניסה לתחנת דלק:צומת ראם (מסמיה),11,128,9,42,0,3,3,0,0,14,1,1,0,0,0,1,1,0,0,1,1,0,0
40::צומת ראם (מסמיה):כניסה לברורים,1,0,1,0,0,0,0,0,0,0,0,0,0,1,0,0,0,0,0,0,0,0,0
40::כניסה לקדרון:כניסה לגבעת ברנר,1,4,1,3,1,1,1,0,0,0,0,0,0,0,0,1,0,0,0,0,0,0,0
"40::כניסה לבי""ח קפלן:כניסה לסתרייה",4,8,4,4,0,0,0,0,0,0,0,0,0,1,0,0,0,0,0,0,0,0,0
40::כניסה לישרש:כניסה לפיקוד העורף/רמלה (קלאו*,3,21,2,8,0,1,1,0,0,0,3,0,0,0,0,0,0,0,0,0,0,0,0
40::כניסה לפיקוד העורף/רמלה (קלאו*:צומת אחיסמך,3,4,2,1,0,0,0,0,0,2,2,1,1,0,0,0,0,0,0,0,0,0,0
40::כניסה ללוד (מרכז):צומת תעשייה אווירית,4,28,3,12,0,0,0,0,0,2,1,1,2,0,0,0,0,0,1,0,0,0,0
40::צומת תעשייה אווירית:כניסה לבארות יצחק,1,7,1,1,1,0,0,0,0,0,1,0,0,0,0,0,0,0,0,0,0,0,0
40::כניסה לנחלים (דרום):כניסה לנחלים (צפון),1,5,1,2,0,0,0,0,0,1,0,0,0,0,0,0,0,0,0,0,0,0,0
40::כניסה לכפר הבפטיסטים:כניסה לעדנים (דרום),1,33,1,14,0,1,1,1,1,1,0,0,0,0,0,0,0,0,0,0,0,0,0
40::כניסה לעדנים (דרום):כניסה לאלישמע,1,18,1,4,0,0,0,0,0,0,1,0,0,0,0,0,0,0,0,0,0,0,0
42::כניסה לכפר הנגיד:כניסה לדאר,1,0,1,0,0,0,0,0,0,0,1,0,0,0,0,0,0,0,0,0,0,0,0
42::כניסה לדאר:כניסה לעיינות,1,0,1,0,0,0,0,0,0,0,1,0,0,0,0,0,0,0,0,0,0,0,0
44::כניסה לתרום:כניסה לכפר אוריה,1,2,1,0,0,0,0,0,0,0,0,0,0,0,0,0,0,0,0,0,0,0,0
44::כניסה לכרמי יוסף:כניסה לפתחיה,1,3,1,1,0,0,0,0,0,3,0,0,0,0,0,0,0,0,0,0,0,0,0
44::צומת רמלה - צפון:השוק הסיטונאי (צריפין),1,16,1,8,1,1,1,0,0,1,0,0,0,0,0,1,1,1,0,0,0,0,0
44::הסוכנות (צריפין):צומת צריפין,1,7,0,3,4,1,1,2,1,0,1,0,0,0,0,1,1,0,0,0,0,0,0
44::צומת צריפין:כניסה לראשון לציון רח הרצוג חי,1,4,0,1,4,1,1,0,0,0,1,0,0,0,0,1,1,0,0,0,0,0,0
"44::יישוב חולון רח המכתש:כניסה לבי""ס מקווה ישראל",1,2,1,2,0,0,0,1,0,0,0,0,0,0,0,0,0,0,0,0,0,0,0
55::צומת כפר סבא רח וייצמן:כניסה לשיכון יוספטל,1,12,1,0,0,0,0,0,0,0,0,0,0,0,0,0,0,0,0,0,0,0,0
55::כניסה לשיכון יוספטל:כניסה לאלפי מנשה,1,5,1,4,1,0,0,1,1,0,0,0,0,0,0,0,0,0,0,0,0,0,0
55::כניסה לאלפי מנשה:צומת צופין,1,3,1,1,1,0,0,0,0,0,1,0,0,0,0,0,0,0,0,0,0,0,0
55::כניסה לבית אריזה:כניסה למעלה שומרון,2,13,2,5,0,0,0,0,0,0,1,0,0,0,0,0,0,0,0,0,0,0,0
55::כניסה לקרני שומרון:כניסה לאזור תעשיה,1,0,1,0,0,0,0,0,0,0,1,0,0,0,0,0,0,0,0,0,0,0,0
55::כניסה לאזור תעשיה:כניסה לקדומים,1,6,1,3,0,0,0,0,0,1,0,0,0,0,0,0,0,0,0,0,0,0,0
57::כניסה לשיכון ותיקים (דגניה):צומת השרון,1,6,1,5,0,0,0,1,1,1,0,0,1,0,0,0,0,0,0,0,0,0,0
57::צומת השרון:כניסה לכפר יונה (מערב),2,2,1,0,1,2,2,0,0,0,1,0,0,0,0,2,0,0,0,0,0,0,0
57::כניסה לחניאל:כניסה לבורגתה-תנובות,1,14,1,6,0,0,0,0,0,0,0,0,1,0,0,0,0,0,0,0,0,0,0
57::כניסה לבורגתה-תנובות:צומת מכורה,1,38,1,16,0,1,1,0,0,4,0,0,0,1,1,0,0,0,0,0,0,0,0
60::כניסה לתחנת דלק:צומת שוקת,1,14,1,0,0,0,0,0,0,0,0,0,0,0,0,0,0,0,0,0,0,0,0
60::צומת לכרמים:צומת עתניאל,2,9,0,3,0,3,3,0,0,0,0,0,0,0,0,0,0,0,0,0,0,1,0
60::צומת העוקפים:כניסה לכרמי צור,1,20,1,0,0,0,0,0,0,0,0,0,0,0,0,0,0,0,0,0,0,0,0
60::כניסה לאל-ערוב:כניסה לאלעזר,4,14,0,0,0,1,1,0,0,0,0,0,0,0,0,0,0,0,0,0,0,0,0
60::כניסה לעפרה:כניסה לשילה,1,27,1,10,0,1,1,0,0,0,0,0,0,0,0,0,0,0,0,0,0,1,0
60::כניסה לעמוריה:צומת קבלן,1,4,1,0,0,0,0,0,0,0,0,0,0,0,0,0,0,0,0,0,0,0,0
60::צומת קבלן:כניסה לרחלים,2,11,1,0,0,0,0,0,0,0,0,0,0,0,0,0,0,0,0,0,0,0,0
60::כניסה לקוזה:צומת עוקף שכם (דרום),1,12,1,4,0,1,1,0,0,0,0,0,0,1,0,0,0,0,0,0,0,1,1
60::צומת עוקף שכם (דרום):כניסה לדיר שרף,1,8,1,0,0,0,0,0,0,0,0,0,0,0,0,0,0,0,0,0,0,0,0
60::כניסה לצנדלה:צומת גן דוד,2,20,1,7,1,1,1,0,0,0,0,0,0,0,0,0,0,0,0,0,0,0,0
65::צומת נחל חדרה:צומת חדרה (מזרח),1,11,1,5,0,0,0,0,0,2,1,1,0,0,0,0,0,0,0,0,0,0,0
65::כניסה ליער עירון+מחצבה:כניסה לכפר קרע,1,7,1,4,0,0,0,0,0,0,0,0,0,1,0,0,0,0,0,0,0,0,0
65::כניסה לכפר קרע:כניסה לתחנת דלק עירון,1,0,1,0,0,0,0,0,0,0,0,0,0,1,0,0,0,0,0,0,0,0,0
65::כניסה לערה:כניסה למשטרת עירון,3,7,1,2,0,1,1,0,0,3,0,0,2,1,1,0,0,0,0,1,0,0,0
65::כניסה למשטרת עירון:כניסה לח אל-בטן,1,10,1,3,1,0,0,0,0,0,1,1,0,0,0,0,0,0,0,0,0,0,0
65::כניסה לח אל-בטן:כניסה לאום אל-פחם,1,15,1,6,0,0,0,0,0,0,1,0,0,0,0,0,0,0,0,0,0,0,0
65::כניסה לאום אל-פחם:כניסה לעין איברהים,1,7,1,0,0,0,0,0,0,0,0,0,0,0,0,0,0,0,0,0,0,0,0
65::כניסה לאל משירפה:כניסה לגבעת המורה,9,38,7,11,1,0,0,2,2,9,1,1,1,0,0,0,0,0,1,0,0,0,0
"65::צומת מנחם אוסישקין:כניסה לבי""ס כדורי",1,9,1,3,0,0,0,0,0,1,0,0,1,1,1,0,0,0,1,0,0,0,0
"65::כניסה לבי""ס כדורי:כניסה לבית קשת",1,7,1,1,0,0,0,0,0,0,0,0,1,1,1,0,0,0,0,0,0,0,0
65::כניסה לבית קשת:כניסה לאילנייה,1,7,1,2,0,1,1,0,0,0,0,0,0,0,0,0,0,0,0,1,0,0,0
65::כניסה לאילנייה:צומת נטופה,3,41,1,11,0,0,0,0,0,2,0,0,3,0,0,0,0,0,0,0,0,0,0
65::צומת נטופה:כניסה להר הקוץ,1,6,1,0,0,0,0,0,0,0,0,0,0,0,0,0,0,0,0,0,0,0,0
65::כניסה להר רביד:יישוב עפולה (לבריכת שמואל),1,7,1,2,0,0,0,0,0,1,0,0,1,0,0,0,0,0,0,0,0,0,0
70::צומת התשבי:צומת דשנים,1,39,1,14,4,1,1,0,0,0,1,1,0,0,0,1,1,0,0,0,0,0,0
70::צומת דשנים:כניסה לראס עלי,1,22,1,6,1,0,0,0,0,11,1,1,0,0,0,0,0,0,0,0,0,0,0
70::כניסה לראס עלי:צומת אבלים,3,28,2,8,3,0,0,0,0,8,1,1,0,0,0,0,0,1,0,0,0,0,0
70::צומת אבלים:צומת אעבלין,2,21,2,6,0,0,0,0,0,0,0,0,0,1,0,0,0,0,0,0,0,0,0
70::צומת אעבלין:כניסה לתמרה,1,37,1,11,0,3,1,0,0,2,1,1,0,0,0,0,0,0,0,0,0,0,0
70::כניסה לתמרה:כניסה למחצבה,1,19,1,2,0,0,0,3,0,0,0,0,0,0,0,0,0,0,0,0,0,0,0
70::כניסה לכאבול:כניסה ליבור,2,15,2,5,0,0,0,0,0,4,0,0,0,0,0,0,0,0,0,0,0,0,0
70::כניסה ליבור:כניסה לעצמון,1,0,0,0,0,0,0,0,0,0,0,0,0,0,0,0,0,0,0,0,0,0,0
70::כניסה לעצמון:כניסה ליסעור,3,0,0,0,0,0,0,0,0,0,0,0,0,0,0,0,0,0,0,0,0,0,0
70::כניסה ליסעור:כניסה לאחיהוד,2,7,1,0,0,0,0,0,0,0,0,0,0,0,0,0,0,0,0,0,0,0,0
70::כניסה לאחיהוד:כניסה לגדידה,3,36,2,10,0,1,1,1,0,0,0,0,0,1,1,0,0,0,0,0,0,0,0
70::כניסה לטל-אל:כניסה לכפר יסיף,2,35,2,8,3,0,0,0,0,4,2,2,1,0,0,0,0,0,1,0,0,0,0
70::כניסה לכפר יסיף:כניסה לכפר יסיף (צפון),1,7,1,4,2,0,0,0,0,0,1,1,0,1,1,0,0,0,0,0,0,0,0
70::כניסה לכפר יסיף (צפון):כניסה לאבו סנאן,2,32,2,4,0,0,0,0,0,0,2,0,0,1,1,0,0,0,0,0,0,0,0
70::כניסה לאבו סנאן:כניסה לבית העמק,2,22,2,10,1,0,0,0,0,0,1,1,0,0,0,0,0,0,0,0,0,0,0
70::צומת עבדון:כניסה למצובה,1,6,1,2,1,0,0,0,0,0,1,0,0,0,0,0,0,0,0,0,0,0,0
71::כניסה לבית השיטה:כניסה לשדה נחום,1,1,1,0,0,0,0,0,0,1,0,0,1,0,0,0,0,0,0,0,0,0,0
75::כניסה ליפיע:כניסה ליער כפר החורש,2,33,2,11,2,1,1,0,0,1,1,1,0,0,0,0,0,0,0,1,0,0,0
75::כניסה למנשית זבדה:כניסה לבית שערים,1,5,1,3,0,0,0,0,0,1,0,0,1,0,0,0,0,0,0,0,0,0,0
75::כניסה לרמת ישי:כניסה לקרית טבעון (מזרח),3,43,3,16,2,0,0,0,0,0,0,0,0,0,0,0,0,0,0,0,0,0,0
75::כניסה לשער העמקים:צומת העמקים,1,24,1,8,0,0,0,0,0,0,1,0,0,0,0,0,0,0,0,0,0,0,0
77::צומת ישי:צומת הלוחם הבדואי,3,38,2,11,0,3,1,0,0,11,0,0,1,0,0,0,0,0,0,3,0,0,0
77::כניסה לבית רימון:כניסה לטורען,1,11,1,3,0,0,0,0,0,7,0,0,0,0,0,0,0,0,0,0,0,0,0
77::כניסה לטורען:צומת שמשון - מחצבה,2,7,1,1,0,0,0,0,0,7,2,1,0,0,0,0,0,0,0,0,0,0,0
77::צומת שמשון - מחצבה:כניסה לא תעשייה גליל תחתון,1,25,1,8,0,0,0,0,0,0,1,0,0,0,0,0,0,0,0,0,0,0,0
77::יישוב טבריה שד ספיר:כניסה לטבריה רח בר כוכבא,1,3,1,1,0,0,0,2,0,0,0,0,0,1,1,0,0,0,0,0,0,0,0
79::צומת עין אפק:כניסה להסוללים,4,87,3,32,11,0,0,0,0,8,1,1,0,0,0,0,0,5,0,0,0,0,0
85::כניסה לתל עכו:צומת עכו (מזרח),1,38,1,0,0,0,0,0,0,0,0,0,0,0,0,0,0,0,0,0,0,0,0
85::צומת עכו (מזרח):כניסה לאל-מכר,1,81,1,0,0,0,0,0,0,0,0,0,0,0,0,0,0,0,0,0,0,0,0
85::כניסה לאל-מכר:כניסה לבית עלמין עכו נחלת אשר,1,24,1,8,4,0,0,0,0,0,1,1,0,0,0,0,0,0,0,0,0,0,0
85::כניסה לבית עלמין עכו נחלת אשר:צומת יסיף,2,34,2,9,0,0,0,0,0,0,1,0,0,1,1,0,0,0,0,0,0,0,0
85::צומת יסיף:צומת אחיהוד,1,33,1,7,0,1,1,0,0,0,0,0,0,1,0,0,0,0,0,0,0,0,0
85::צומת אחיהוד:כניסה להר גילון,3,35,2,8,3,1,1,0,0,0,2,0,0,0,0,0,0,0,0,0,0,0,0
85::מג'ד אל כרום דרום תחנת דלק:כניסה לנחף,4,76,4,20,1,0,0,1,1,0,1,0,0,1,1,0,0,0,0,0,0,0,0
85::כניסה לנחף:כניסה לאזור תעשיה כרמיאל,4,86,4,23,1,0,0,1,1,0,1,0,0,1,1,0,0,0,0,0,0,0,0
85::כניסה לאזור תעשיה כרמיאל:כניסה לשזור,2,8,2,2,0,0,0,0,0,0,2,0,0,0,0,0,0,0,0,0,0,0,0
85::כניסה לשזור:כניסה להר קדרים,6,85,4,22,0,0,0,0,0,5,0,0,0,0,0,0,0,0,0,0,0,0,0
85::כניסה להר קדרים:צומת כניסה לכחל,1,3,1,0,0,0,0,0,0,0,0,0,0,0,0,0,0,0,0,0,0,0,0
87::צומת אלמגור (מזרח):כניסה ליהודייה (חניון),3,32,1,0,0,0,0,0,0,0,0,0,0,0,0,0,0,0,0,0,0,0,0
"89::כניסה לבי""ח נהרייה:כניסה לבן עמי",1,4,1,1,0,0,0,0,0,0,1,0,0,0,0,0,0,0,0,0,0,0,0
89::כניסה לבן עמי:צומת כברי,1,8,1,5,0,0,0,1,1,0,1,0,0,0,0,0,0,0,0,0,0,0,0
89::כניסה למשתלת כברי:כניסה למעיליה,2,36,2,10,1,3,2,0,0,3,1,1,0,0,0,0,0,1,0,0,0,0,0
89::כניסה למעיליה:כניסה למעלות,2,26,1,7,0,0,0,0,0,2,0,0,0,0,0,0,0,0,0,0,0,0,0
89::כניסה להר זבול:כניסה לסאסא,4,70,0,6,0,5,1,1,0,0,0,0,0,0,0,0,0,0,0,0,0,0,0
89::כניסה למרום הגליל:יישוב צפת ש גני הדר,1,2,1,0,0,0,0,0,0,0,0,0,0,0,0,0,0,0,0,0,0,0,0
91::צומת שיפון:כניסה לאורטל,3,3,1,0,0,1,1,0,0,0,0,0,0,1,0,0,0,0,0,0,0,0,0
92::כניסה לתל קציר (צפון):כניסה לחניון האון,1,6,0,0,0,0,0,0,0,0,0,0,0,0,0,0,0,0,0,0,0,0,0
92::כניסה לעין גב:כניסה לחוף גופרה,1,0,0,0,0,0,0,0,0,0,0,0,0,0,0,0,0,0,0,0,0,0,0
92::כניסה לחוף חלוקים:כניסה לרמות,1,2,1,1,0,0,0,0,0,0,1,0,0,0,0,0,0,0,0,0,0,0,0
232::כניסה לכרם שלום:צומת חולית,2,5,0,0,0,0,0,0,0,0,0,0,0,0,0,0,0,0,0,0,0,0,0
232::צומת חולית:כניסה לניר יצחק,1,2,0,0,0,0,0,0,0,0,0,0,0,0,0,0,0,0,0,0,0,0,0
232::כניסה לעין הבשור:כניסה לתחנת דלק,1,1,0,0,0,0,0,0,0,0,0,0,0,0,0,0,0,0,0,0,0,0,0
"232::כניסה למ""א אשכול:כניסה לרעים (צפון",2,11,1,2,0,1,1,0,0,1,0,0,1,0,0,0,0,0,0,1,0,0,0
232::כניסה לאיבים:כניסה לאור הנר (מערב),2,9,1,1,0,0,0,0,0,7,0,0,2,0,0,0,0,0,0,0,0,0,0
232::צומת הודייה:כניסה לאשכולות,1,0,0,0,0,0,0,0,0,0,0,0,0,0,0,0,0,0,0,0,0,0,0
234::צומת צאלים:כניסה לרעים,2,16,2,3,0,0,0,0,0,1,0,0,0,0,0,0,0,0,0,0,0,0,0
325::כניסה לאזור תעשייה אמבר דרום:כניסה לדביר,1,1,1,0,0,0,0,0,0,0,0,0,0,0,0,0,0,0,0,0,0,0,0
358::צומת יער להב:כניסה לשומריה,2,3,0,0,0,0,0,0,0,0,0,0,0,0,0,0,0,0,0,0,0,0,0
375::כניסה לזנוח:כניסה למטע,2,11,2,4,0,1,1,0,0,0,1,0,0,0,0,1,1,0,0,0,0,0,0
383::כניסה לגפן:כניסה לתירוש,4,2,1,0,0,0,0,0,0,0,0,0,0,0,0,0,0,0,0,0,0,0,0
411::כניסה לעקרון:צומת מזכרת בתיה,2,8,0,3,0,1,1,0,0,0,0,0,2,0,0,0,0,0,0,1,0,0,0
411::כניסה למזכרת בתיה:מפגש עם מסילת ברזל,2,7,1,1,1,1,1,0,0,1,1,1,1,0,0,0,0,0,0,1,0,0,0
1::צומת אלון:כניסה למצפה יריחו,0,5,0,0,0,0,0,0,0,0,0,0,0,0,0,0,0,0,0,0,0,0,0
2::צומת תל ברוך:כניסה לתחנת דלק,0,1,0,0,0,0,0,0,0,0,0,0,0,0,0,0,0,0,0,0,0,0,0
2::צומת הרצלייה:צומת נוף ים,0,3,0,0,0,0,0,0,0,0,0,0,0,0,0,0,0,0,0,0,0,0,0
2::כניסה לגעש:כניסה ליקום,0,3,0,0,0,0,0,0,0,0,0,0,0,0,0,0,0,0,0,0,0,0,0
2::כניסה למכון וינגייט:כניסה לאודים,0,2,0,0,0,0,0,0,0,0,0,0,0,0,0,0,0,0,0,0,0,0,0
3::כניסה לנגבה:כניסה למשואות יצחק,0,2,0,0,0,0,0,0,0,0,0,0,0,0,0,0,0,0,0,0,0,0,0
3::כניסה לעין צורים:כניסה לאביגדור,0,8,0,2,0,0,0,0,0,3,0,0,0,0,0,0,0,0,0,0,0,0,0
3::כניסה לאביגדור:כניסה לכפר ורבורג,0,3,0,1,0,0,0,0,0,3,0,0,0,0,0,0,0,0,0,0,0,0,0
3::כניסה לקריית מלאכי (דרום):כניסה לקריית מלאכי (צפון),0,8,0,0,0,0,0,0,0,0,0,0,0,0,0,0,0,0,0,0,0,0,0
3::כניסה לקריית מלאכי (צפון):כניסה לתחנת דלק,0,1,0,0,0,0,0,0,0,0,0,0,0,0,0,0,0,0,0,0,0,0,0
"3::כניסה לבני ראם:כניסה למ""א שערי אברהם",0,4,0,0,0,0,0,0,0,0,0,0,0,0,0,0,0,0,0,0,0,0,0
"3::כניסה למ""א שערי אברהם:כניסה לרבדים",0,2,0,1,0,0,0,0,0,2,0,0,0,0,0,0,0,0,0,0,0,0,0
3::כניסה לרבדים:כניסה לבית חלקיה,0,6,0,2,0,0,0,0,0,6,0,0,0,0,0,0,0,0,0,0,0,0,0
3::כניסה לבית חלקיה:כניסה ליד בנימין,0,1,0,1,0,0,0,0,0,1,0,0,0,0,0,0,0,0,0,0,0,0,0
3::כניסה לנחל שורק:כניסה לטל שחר,0,2,0,0,0,0,0,0,0,0,0,0,0,0,0,0,0,0,0,0,0,0,0
3::כניסה למבוא חורון:כניסה לבית סירא (דרום),0,1,0,0,0,0,0,0,0,0,0,0,0,0,0,0,0,0,0,0,0,0,0
25::כניסה למכתש הקטן:כניסה למחצבה,0,5,0,0,0,0,0,0,0,0,0,0,0,0,0,0,0,0,0,0,0,0,0
25::כניסה למחצבה:כניסה לגבעת שפיפון,0,2,0,1,0,0,0,0,0,2,0,0,0,0,0,0,0,0,0,0,0,0,0
25::כניסה לגבעת שפיפון:כניסה לממשית,0,2,0,2,0,0,0,0,0,2,0,0,0,0,0,0,0,0,0,0,0,0,0
25::כניסה לממשית:כניסה לדימונה,0,5,0,2,0,1,1,0,0,1,0,0,0,0,0,0,0,0,0,1,1,0,0
25::כניסה לנבטים:כניסה לשגב שלום,0,10,0,0,0,2,2,0,0,0,0,0,0,0,0,0,0,0,0,0,0,0,0
25::כניסה לשגב שלום:כניסה לא תעשייה באר שבע,0,24,0,10,0,0,0,0,0,10,0,0,0,0,0,0,0,0,0,0,0,0,0
25::כניסה לקאונטרי קלאב:צומת עולים,0,3,0,0,0,0,0,0,0,0,0,0,0,0,0,0,0,0,0,0,0,0,0
25::צומת עולים:כניסה למזבלה,0,3,0,0,0,0,0,0,0,0,0,0,0,0,0,0,0,0,0,0,0,0,0
25::כניסה לשדה תעופה:כניסה לאשל הנשיא,0,7,0,4,0,0,0,0,0,6,0,0,0,0,0,0,0,0,0,0,0,0,0
25::כניסה לאשל הנשיא:כניסה לתפרח,0,4,0,0,0,0,0,0,0,0,0,0,0,0,0,0,0,0,0,0,0,0,0
"25::כניסה לקק""ל:כניסה לחווה (מגדה)",0,2,0,2,0,0,0,0,0,1,0,0,0,0,0,0,0,0,0,0,0,0,0
25::כניסה לשיבולים:כניסה לשרשרת (צפון),0,3,0,0,0,0,0,0,0,0,0,0,0,0,0,0,0,0,0,0,0,0,0
25::כניסה לשרשרת (צפון):כניסה לנתיבות,0,11,0,0,0,0,0,0,0,0,0,0,0,0,0,0,0,0,0,0,0,0,0
25::כניסה לעזתה:כניסה לנתיבות מע,0,8,0,0,0,0,0,0,0,0,0,0,0,0,0,0,0,0,0,0,0,0,0
25::כניסה לנתיבות מע:כניסה לתקומה,0,14,0,0,0,0,0,0,0,0,0,0,0,0,0,0,0,0,0,0,0,0,0
25::כניסה לתקומה:כניסה לשובה,0,6,0,0,0,0,0,0,0,0,0,0,0,0,0,0,0,0,0,0,0,0,0
31::כניסה לרהט (מזרח):כניסה ללקיה,0,17,0,0,0,0,0,0,0,0,0,0,0,0,0,0,0,0,0,0,0,0,0
31::כניסה ללקיה:כניסה לתחנת דלק (,0,5,0,0,0,0,0,0,0,0,0,0,0,0,0,0,0,0,0,0,0,0,0
34::צומת נתיבות:כניסה ליושיביה,0,2,0,0,0,1,1,0,0,0,0,0,0,0,0,0,0,0,0,0,0,0,0
34::כניסה ליושיביה:צומת יכיני,0,4,0,0,0,0,0,0,0,0,0,0,0,0,0,0,0,0,0,0,0,0,0
34::כניסה לגבים:כניסה לניר עם,0,17,0,0,0,0,0,0,0,0,0,0,0,0,0,0,0,0,0,0,0,0,0
34::כניסה לניר עם:כניסה לשדרות (מערב),0,12,0,0,0,0,0,0,0,0,0,0,0,0,0,0,0,0,0,0,0,0,0
34::כניסה לשדרות (מערב):כניסה לאור הנר (מזרח),0,15,0,0,0,0,0,0,0,0,0,0,0,0,0,0,0,0,0,0,0,0,0
34::כניסה לאור הנר (מזרח):כניסה לארז (מזרח),0,20,0,3,0,0,0,0,0,7,0,0,0,0,0,0,0,0,0,0,0,0,0
35::כניסה ליד נתן:כניסה לרווחה,0,2,0,0,0,0,0,0,0,0,0,0,0,0,0,0,0,0,0,0,0,0,0
"35::כניסה לרווחה:כניסה לקק""ל",0,1,0,0,0,0,0,0,0,0,0,0,0,0,0,0,0,0,0,0,0,0,0
35::כניסה לבית גוברין:צומת גוברין,0,1,0,0,0,0,0,0,0,0,0,0,0,0,0,0,0,0,0,0,0,0,0
38::צומת נחושה:כניסה למצפה משואה,0,3,0,1,0,0,0,0,0,3,0,0,0,0,0,0,0,0,0,0,0,0,0
38::כניסה להרטוב:כניסה לא תעשייה בית שמש,0,2,0,0,0,0,0,0,0,0,0,0,0,0,0,0,0,0,0,0,0,0,0
38::כניסה לא תעשייה בית שמש:כניסה למחצבה,0,2,0,1,0,1,1,0,0,0,0,0,0,0,0,1,0,0,0,0,0,0,0
40::צומת שיזפון:צומת ציחור,0,6,0,0,0,0,0,0,0,0,0,0,0,0,0,0,0,0,0,0,0,0,0
"40::כניסה למשאבי שדה:כניסה לעיר הבה""ד",0,6,0,0,0,0,0,0,0,0,0,0,0,0,0,0,0,0,0,0,0,0,0
"40::כניסה לעיר הבה""ד:כניסה לרמת בקע",0,2,0,0,0,0,0,0,0,0,0,0,0,0,0,0,0,0,0,0,0,0,0
40::כניסה לניר בנים:כניסה לקדמה,0,5,0,0,0,0,0,0,0,0,0,0,0,0,0,0,0,0,0,0,0,0,0
40::כניסה לקדמה:כניסה לתימורים,0,2,0,0,0,0,0,0,0,0,0,0,0,0,0,0,0,0,0,0,0,0,0
40::כניסה לתימורים:צומת מלאכי (קסטינה),0,19,0,5,0,0,0,0,0,3,0,0,0,0,0,0,0,0,0,0,0,0,0
40::צומת מלאכי (קסטינה):כניסה לערוגות,0,14,0,0,0,0,0,0,0,0,0,0,0,0,0,0,0,0,0,0,0,0,0
40::כניסה לברורים:כניסה לבני ראם (מערב),0,1,0,0,0,0,0,0,0,0,0,0,0,0,0,0,0,0,0,0,0,0,0
40::כניסה לבני ראם (מערב):כניסה לחצב,0,1,0,0,0,0,0,0,0,0,0,0,0,0,0,0,0,0,0,0,0,0,0
40::כניסה לחצב:כניסה לגדרה,0,6,0,0,0,0,0,0,0,0,0,0,0,0,0,0,0,0,0,0,0,0,0
"40::כניסה לגבעת ברנר:כניסה לבי""ח קפלן",0,10,0,0,0,0,0,0,0,0,0,0,0,0,0,0,0,0,0,0,0,0,0
40::כניסה לסתרייה:כניסה לפרדס,0,2,0,0,0,0,0,0,0,0,0,0,0,0,0,0,0,0,0,0,0,0,0
40::כניסה לפרדס:כניסה לישרש,0,4,0,0,0,0,0,0,0,0,0,0,0,0,0,0,0,0,0,0,0,0,0
40::כניסה לבארות יצחק:כניסה למגשימים,0,5,0,2,1,1,1,0,0,5,0,0,0,0,0,0,0,1,0,1,1,0,0
40::כניסה לנחלים (צפון):כניסה לשעריה,0,4,0,2,2,0,0,1,1,0,0,0,0,0,0,0,0,0,0,0,0,0,0
40::כניסה לשעריה:כניסה לעמישב,0,7,0,4,0,0,0,1,0,0,0,0,0,0,0,0,0,0,0,0,0,0,0
"40::כניסה לעמישב:יישוב פ""ת רח גורדון",0,2,0,2,0,0,0,1,0,0,0,0,0,0,0,0,0,0,0,0,0,0,0
"40::יישוב פ""ת רח הוותיקים:צומת סגולה",0,1,0,0,0,0,0,0,0,0,0,0,0,0,0,0,0,0,0,0,0,0,0
41::צומת נמל אשדוד:כניסה לניר גלים,0,1,0,0,0,0,0,0,0,0,0,0,0,0,0,0,0,0,0,0,0,0,0
41::כניסה לניר גלים:כניסה לבני דרום,0,2,0,2,0,0,0,0,0,1,0,0,0,0,0,0,0,0,0,0,0,0,0
42::כניסה לכפר אביב:כניסה לבן זכאי,0,13,0,0,0,0,0,0,0,0,0,0,0,0,0,0,0,0,0,0,0,0,0
42::כניסה לתחנת דלק:כניסה לכפר הנגיד,0,1,0,0,0,0,0,0,0,0,0,0,0,0,0,0,0,0,0,0,0,0,0
42::כניסה לעיינות:כניסה לבית חנן,0,4,0,0,0,0,0,0,0,0,0,0,0,0,0,0,0,0,0,0,0,0,0
42::כניסה לבית חנן:כניסה לנטעים,0,3,0,0,0,0,0,0,0,0,0,0,0,0,0,0,0,0,0,0,0,0,0
44::כניסה למשרדי קקל:כניסה לתעוז,0,3,0,0,0,0,0,0,0,0,0,0,0,0,0,0,0,0,0,0,0,0,0
44::כניסה לכפר אוריה:כניסה להראל,0,1,0,0,0,0,0,0,0,0,0,0,0,0,0,0,0,0,0,0,0,0,0
44::כניסה להראל:כניסה לצלפון,0,2,0,0,0,0,0,0,0,0,0,0,0,0,0,0,0,0,0,0,0,0,0
44::צומת הגבורה (נחשון):כניסה לכרמי יוסף,0,4,0,0,0,0,0,0,0,0,0,0,0,0,0,0,0,0,0,0,0,0,0
"44::כניסה לבית עוזיאל:כניסה ללוד (יוספטל, החשמל)",0,25,0,9,1,0,0,0,0,4,0,0,0,0,0,0,0,1,0,0,0,0,0
44::השוק הסיטונאי (צריפין):הסוכנות (צריפין),0,6,0,0,0,0,0,0,0,0,0,0,0,0,0,0,0,0,0,0,0,0,0
44::כניסה לראשון לציון רח הרצוג חי:כניסה למשמר השבעה,0,4,0,4,1,0,0,0,0,0,0,0,0,0,0,0,0,0,0,0,0,0,0
44::כניסה למכון המטאורולוגי:יישוב אזור רח קפלן,0,18,0,11,2,0,0,1,1,0,0,0,0,0,0,0,0,0,0,0,0,0,0
44::יישוב אזור רח קפלן:יישוב חולון רח המלאכה,0,3,0,2,1,0,0,1,1,0,0,0,0,0,0,0,0,0,0,0,0,0,0
44::יישוב חולון רח המלאכה:צומת אזור (רח הרצל),0,1,0,1,1,0,0,0,0,0,0,0,0,0,0,0,0,0,0,0,0,0,0
55::צומת צופין:כניסה לבית אריזה,0,4,0,2,0,1,1,0,0,0,0,0,0,0,0,0,0,0,0,0,0,0,0
55::כניסה למעלה שומרון:כניסה לקרני שומרון,0,6,0,0,0,2,1,0,0,0,0,0,0,0,0,0,0,0,0,0,0,0,0
55::כניסה לקדומים:כניסה לכפר קדום,0,1,0,0,0,0,0,0,0,0,0,0,0,0,0,0,0,0,0,0,0,0,0
57::כניסה לא תעשייה נתניה:כניסה לשיכון ותיקים (דגניה),0,1,0,0,0,0,0,0,0,0,0,0,0,0,0,0,0,0,0,0,0,0,0
57::כניסה לכפר יונה (מזרח):כניסה לחניאל,0,1,0,1,0,0,0,1,0,0,0,0,0,0,0,0,0,0,0,0,0,0,0
60::יישוב באר שבע (לערד):צומת תל שבע,0,25,0,7,2,0,0,0,0,0,0,0,0,0,0,0,0,0,0,0,0,0,0
60::צומת תל שבע:כניסה לעומר,0,2,0,0,0,0,0,0,0,0,0,0,0,0,0,0,0,0,0,0,0,0,0
60::כניסה לעומר:כניסה לא תעשייה עומר,0,3,0,0,0,0,0,0,0,0,0,0,0,0,0,0,0,0,0,0,0,0,0
60::כניסה לא תעשייה עומר:כניסה לאבו כף אום בטין,0,3,0,0,0,0,0,0,0,0,0,0,0,0,0,0,0,0,0,0,0,0,0
60::צומת שוקת:כניסה למיתר,0,17,0,7,0,1,1,0,0,0,0,0,0,0,0,0,0,0,0,0,0,1,0
60::צומת עתניאל:כניסה לעבדה,0,2,0,0,0,0,0,0,0,0,0,0,0,0,0,0,0,0,0,0,0,0,0
60::כניסה לעבדה:כניסה לחברון,0,1,0,1,0,0,0,0,0,1,0,0,0,0,0,0,0,0,0,0,0,0,0
60::כניסה לכרמי צור:צומת ביר אומר,0,4,0,2,1,0,0,0,0,3,0,0,0,0,0,0,0,1,0,0,0,0,0
60::כניסה לאלעזר:כניסה לנווה דניאל,0,4,0,2,0,0,0,0,0,3,0,0,0,0,0,0,0,0,0,0,0,0,0
60::כניסה לנווה דניאל:צומת בית לחם,0,7,0,0,0,0,0,0,0,0,0,0,0,0,0,0,0,0,0,0,0,0,0
60::צומת בית לחם:צומת קבר רחל,0,1,0,0,0,0,0,0,0,0,0,0,0,0,0,0,0,0,0,0,0,0,0
60::צומת קבר רחל:כניסה לאזור תעשיה,0,23,0,10,5,0,0,0,0,3,0,0,0,0,0,0,0,2,0,0,0,0,0
60::כניסה לאזור תעשיה:כניסה לעפרה,0,14,0,5,4,1,1,0,0,2,0,0,0,0,0,0,0,1,0,0,0,1,1
60::כניסה לשילה:כניסה לעלי-מעלה לבונה,0,3,0,0,0,0,0,0,0,0,0,0,0,0,0,0,0,0,0,0,0,0,0
60::כניסה לעלי-מעלה לבונה:כניסה למעלה לבונה,0,4,0,0,0,0,0,0,0,0,0,0,0,0,0,0,0,0,0,0,0,0,0
60::כניסה למעלה לבונה:כניסה לעמוריה,0,6,0,0,0,0,0,0,0,0,0,0,0,0,0,0,0,0,0,0,0,0,0
60::כניסה לרחלים:כניסה לביתא,0,1,0,0,0,0,0,0,0,0,0,0,0,0,0,0,0,0,0,0,0,0,0
60::כניסה למגן שאול:כניסה לצנדלה,0,5,0,2,0,0,0,0,0,4,0,0,0,0,0,0,0,0,0,0,0,0,0
60::צומת גן דוד:יישוב עפולה (לנצרת),0,5,0,0,0,0,0,0,0,0,0,0,0,0,0,0,0,0,0,0,0,0,0
60::יישוב עפולה (לנצרת):כניסה לבלפוריה,0,10,0,0,0,0,0,0,0,0,0,0,0,0,0,0,0,0,0,0,0,0,0
60::כניסה לבלפוריה:כניסה לכפר גדעון,0,6,0,0,0,0,0,0,0,0,0,0,0,0,0,0,0,0,0,0,0,0,0
60::כניסה לכפר גדעון:כניסה למזרע,0,3,0,0,0,0,0,0,0,0,0,0,0,0,0,0,0,0,0,0,0,0,0
"60::כניסה למזרע:כניסה למ""א יזרעאל",0,3,0,0,0,0,0,0,0,0,0,0,0,0,0,0,0,0,0,0,0,0,0
"60::כניסה למ""א יזרעאל:כניסה לתל עדשים",0,7,0,0,0,0,0,0,0,0,0,0,0,0,0,0,0,0,0,0,0,0,0
65::צומת חדרה (מזרח):צומת גרנות,0,7,0,3,0,0,0,0,0,2,0,0,0,0,0,0,0,0,0,0,0,0,0
65::צומת גרנות:כניסה לתלמי אלעזר,0,1,0,0,0,0,0,0,0,0,0,0,0,0,0,0,0,0,0,0,0,0,0
65::כניסה לתלמי אלעזר:כניסה למרכז מנשה,0,17,0,6,0,0,0,0,0,2,0,0,0,0,0,0,0,0,0,0,0,0,0
65::כניסה למרכז מנשה:כניסה ליער עירון+מחצבה,0,39,0,14,1,1,1,0,0,0,0,0,0,0,0,1,1,1,0,1,0,0,0
65::כניסה לתחנת דלק עירון:כניסה לערה,0,18,0,6,3,0,0,0,0,0,0,0,0,0,0,0,0,0,0,0,0,0,0
65::כניסה לעין איברהים:כניסה למוצמוץ,0,2,0,0,0,0,0,0,0,0,0,0,0,0,0,0,0,0,0,0,0,0,0
65::כניסה למוצמוץ:כניסה לאל משירפה,0,8,0,0,0,0,0,0,0,0,0,0,0,0,0,0,0,0,0,0,0,0,0
65::כניסה לעפולה עילית:כניסה למזנון דברת,0,5,0,0,0,0,0,0,0,0,0,0,0,0,0,0,0,0,0,0,0,0,0
65::כניסה למזנון דברת:כניסה לדברת ואלון תבור,0,8,0,4,0,1,1,0,0,1,0,0,0,0,0,1,1,0,0,1,1,0,0
65::כניסה לדברת ואלון תבור:כניסה לאום אל-רום,0,9,0,0,0,0,0,0,0,0,0,0,0,0,0,0,0,0,0,0,0,0,0
65::כניסה לאום אל-רום:כניסה לשבלי (מזרח),0,10,0,0,0,0,0,0,0,0,0,0,0,0,0,0,0,0,0,0,0,0,0
65::כניסה לשבלי (מזרח):צומת מנחם אוסישקין,0,8,0,0,0,0,0,0,0,0,0,0,0,0,0,0,0,0,0,0,0,0,0
66::כניסה לגבעת עוז:צומת מגידו,0,2,0,0,0,1,0,0,0,0,0,0,0,0,0,0,0,0,0,0,0,0,0
66::צומת מגידו:כניסה למגידו,0,8,0,0,0,0,0,0,0,0,0,0,0,0,0,0,0,0,0,0,0,0,0
66::כניסה למגידו:כניסה להיוגב,0,11,0,0,0,0,0,0,0,0,0,0,0,0,0,0,0,0,0,0,0,0,0
66::כניסה להיוגב:כניסה למדרך עוז,0,7,0,0,0,0,0,0,0,0,0,0,0,0,0,0,0,0,0,0,0,0,0
66::כניסה למשמר העמק:כניסה לנחלאות,0,6,0,0,0,0,0,0,0,0,0,0,0,0,0,0,0,0,0,0,0,0,0
70::כניסה למחצבה:כניסה לכאבול,0,4,0,0,0,0,0,0,0,0,0,0,0,0,0,0,0,0,0,0,0,0,0
70::כניסה לגדידה:כניסה לטל-אל,0,6,0,0,0,0,0,0,0,0,0,0,0,0,0,0,0,0,0,0,0,0,0
70::כניסה לבית העמק:כניסה לעמקה,0,16,0,7,1,0,0,0,0,0,0,0,0,0,0,0,0,0,0,0,0,0,0
70::כניסה לעמקה:כניסה לשוק דנון,0,13,0,6,0,0,0,0,0,2,0,0,0,0,0,0,0,0,0,0,0,0,0
70::כניסה לשוק דנון:כניסה לנתיב השיירה,0,3,0,0,0,0,0,0,0,0,0,0,0,0,0,0,0,0,0,0,0,0,0
70::צומת השיירה:כניסה לכברי,0,15,0,9,0,0,0,1,0,0,0,0,0,0,0,0,0,0,0,0,0,0,0
70::כניסה לכברי:צומת עבדון,0,8,0,5,0,0,0,0,0,2,0,0,0,0,0,0,0,0,0,0,0,0,0
71::יישוב עפולה (לבית שאן):כניסה למרחביה (מושב),0,7,0,2,0,0,0,0,0,1,0,0,0,0,0,0,0,0,0,0,0,0,0
71::כניסה למרחביה (מושב):כניסה לבית השיטה,0,19,0,0,0,1,1,0,0,0,0,0,0,0,0,0,0,0,0,0,0,0,0
73::כניסה לנהלל:כניסה לרמת דוד (מחנה),0,2,0,0,0,0,0,0,0,0,0,0,0,0,0,0,0,0,0,0,0,0,0
73::כניסה לגבת:כניסה ליפעת,0,6,0,3,0,0,0,0,0,5,0,0,0,0,0,0,0,0,0,0,0,0,0
73::כניסה ליפעת:כניסה לשריד,0,6,0,3,0,1,1,0,0,3,0,0,0,0,0,0,0,0,0,0,0,0,0
73::כניסה לא תעשייה שריד:כניסה לגיניגר,0,15,0,6,1,0,0,0,0,4,0,0,0,0,0,0,0,1,0,0,0,0,0
75::כניסה לנצרת עילית (חרמון):כניסה לקריית הממשלה,0,4,0,0,0,0,0,0,0,0,0,0,0,0,0,0,0,0,0,0,0,0,0
75::צומת נצרת (דרום):כניסה לכפר החורש,0,2,0,0,0,0,0,0,0,0,0,0,0,0,0,0,0,0,0,0,0,0,0
75::כניסה ליער כפר החורש:כניסה לתמרת,0,4,0,0,0,0,0,0,0,0,0,0,0,0,0,0,0,0,0,0,0,0,0
75::כניסה לתמרת:כניסה למנשית זבדה,0,3,0,0,0,0,0,0,0,0,0,0,0,0,0,0,0,0,0,0,0,0,0
75::כניסה לבית שערים:כניסה לרמת ישי,0,5,0,4,1,0,0,0,0,0,0,0,0,0,0,0,0,0,0,0,0,0,0
75::כניסה לקרית טבעון (מזרח):כניסה לטבעון,0,2,0,0,0,0,0,0,0,0,0,0,0,0,0,0,0,0,0,0,0,0,0
75::כניסה לטבעון:כניסה לשער העמקים,0,1,0,0,0,0,0,0,0,0,0,0,0,0,0,0,0,0,0,0,0,0,0
77::צומת רומת אל היי:כניסה לאזור תעשייה ציפורית,0,5,0,0,0,0,0,0,0,0,0,0,0,0,0,0,0,0,0,0,0,0,0
77::כניסה לאזור תעשייה ציפורית:כניסה לבית רימון,0,4,0,0,0,0,0,0,0,0,0,0,0,0,0,0,0,0,0,0,0,0,0
77::כניסה לאחוזת נפתלי:כניסה למצפה,0,5,0,0,0,0,0,0,0,0,0,0,0,0,0,0,0,0,0,0,0,0,0
77::כניסה למצפה:יישוב טבריה שד ספיר,0,3,0,0,0,0,0,0,0,0,0,0,0,0,0,0,0,0,0,0,0,0,0
79::כניסה להסוללים:כניסה לעילוט,0,2,0,2,1,0,0,0,0,0,0,0,0,0,0,0,0,0,0,0,0,0,0
87::כניסה לאכסניית כרי דשא:כניסה לעין טבחה,0,1,0,0,0,0,0,0,0,0,0,0,0,0,0,0,0,0,0,0,0,0,0
87::כניסה לעין טבחה:כניסה לכפר נחום,0,4,0,2,0,0,0,0,0,1,0,0,0,0,0,0,0,0,0,0,0,0,0
87::כניסה לכפר נחום:צומת אלמגור (מזרח),0,6,0,0,0,0,0,0,0,0,0,0,0,0,0,0,0,0,0,0,0,0,0
89::צומת כברי:כניסה למשתלת כברי,0,6,0,4,0,1,1,1,1,0,0,0,0,0,0,1,0,0,0,0,0,0,0
89::כניסה למעלות (דר:כניסה לצוריאל,0,20,0,5,0,0,0,0,0,3,0,0,0,0,0,0,0,0,0,0,0,0,0
89::כניסה לצוריאל:כניסה להר זבול,0,11,0,4,0,0,0,1,0,0,0,0,0,0,0,0,0,0,0,0,0,0,0
89::כניסה לסאסא:כניסה לצבעון,0,2,0,0,0,0,0,0,0,0,0,0,0,0,0,0,0,0,0,0,0,0,0
89::כניסה לצבעון:כניסה לגוש חלב,0,2,0,1,0,0,0,1,0,0,0,0,0,0,0,0,0,0,0,0,0,0,0
89::כניסה לגוש חלב:כניסה לספסופה,0,5,0,0,0,0,0,0,0,0,0,0,0,0,0,0,0,0,0,0,0,0,0
89::כניסה לספסופה:כניסה למרום הגליל,0,5,0,0,0,0,0,0,0,0,0,0,0,0,0,0,0,0,0,0,0,0,0
91::צומת מחניים:כניסה למחניים,0,11,0,0,0,0,0,0,0,0,0,0,0,0,0,0,0,0,0,0,0,0,0
91::כניסה לגדות:צומת שיפון,0,19,0,7,0,0,0,0,0,1,0,0,0,0,0,0,0,0,0,0,0,0,0
92::כניסה להאון:כניסה לחניון עין גב,0,4,0,1,0,0,0,0,0,4,0,0,0,0,0,0,0,0,0,0,0,0,0
92::כניסה לרמות:כניסה למחצבה,0,2,0,0,0,0,0,0,0,0,0,0,0,0,0,0,0,0,0,0,0,0,0
99::צומת המצודות:כניסה לאזור תעשייה קרית שמונה צפ,0,7,0,0,0,0,0,0,0,0,0,0,0,0,0,0,0,0,0,0,0,0,0
99::כניסה לאזור תעשייה קרית שמונה צפ:כניסה למנחת מטוסים,0,7,0,0,0,0,0,0,0,0,0,0,0,0,0,0,0,0,0,0,0,0,0
"99::כניסה למעיין ברוך:כניסה לבי""ס דפנה",0,15,0,0,0,0,0,0,0,0,0,0,0,0,0,0,0,0,0,0,0,0,0
99::כניסה לדפנה:כניסה לדן,0,1,0,0,0,1,1,0,0,0,0,0,0,0,0,0,0,0,0,0,0,1,0
99::כניסה לדן:כניסה לתל דן,0,1,0,0,0,1,1,0,0,0,0,0,0,0,0,0,0,0,0,0,0,1,0
99::כניסה לתל דן:כניסה לשניר,0,3,0,0,0,0,0,0,0,0,0,0,0,0,0,0,0,0,0,0,0,0,0
99::כניסה לשניר:כניסה לעין קיניא,0,11,0,5,0,0,0,0,0,3,0,0,0,0,0,0,0,0,0,0,0,0,0
99::כניסה לעין קיניא:צומת מסעדה,0,3,0,0,0,0,0,0,0,0,0,0,0,0,0,0,0,0,0,0,0,0,0
204::צומת חלוקים:כניסה למחנה אורה,0,1,0,0,0,0,0,0,0,0,0,0,0,0,0,0,0,0,0,0,0,0,0
204::כניסה למחנה אורה:כניסה לירוחם (צפון),0,8,0,4,0,0,0,0,0,1,0,0,0,0,0,0,0,0,0,0,0,0,0
204::כניסה לירוחם (צפון):כניסה לאזור תעשייה,0,3,0,2,0,0,0,0,0,1,0,0,0,0,0,0,0,0,0,0,0,0,0
232::כניסה לניר יצחק:צומת גבולות,0,3,0,2,0,0,0,0,0,2,0,0,0,0,0,0,0,0,0,0,0,0,0
232::צומת גבולות:כניסה לעין הבשור,0,1,0,0,0,0,0,0,0,0,0,0,0,0,0,0,0,0,0,0,0,0,0
232::כניסה לרעים (צפון:כניסה לבארי,0,12,0,1,0,0,0,0,0,12,0,0,0,0,0,0,0,0,0,0,0,0,0
232::צומת סעד:כניסה לסעד,0,2,0,0,0,0,0,0,0,0,0,0,0,0,0,0,0,0,0,0,0,0,0
232::כניסה לכפר עזה:כניסה למפלסים,0,4,0,0,0,0,0,0,0,0,0,0,0,0,0,0,0,0,0,0,0,0,0
232::כניסה למפלסים:צומת שער הנגב,0,12,0,0,0,0,0,0,0,0,0,0,0,0,0,0,0,0,0,0,0,0,0
232::צומת שער הנגב:כניסה לק חנוך שער הנגב,0,11,0,0,0,0,0,0,0,0,0,0,0,0,0,0,0,0,0,0,0,0,0
232::כניסה לק חנוך שער הנגב:כניסה לפארק תעשיות ספירים,0,5,0,2,0,1,1,0,0,2,0,0,0,0,0,1,1,0,0,0,0,0,0
232::כניסה לפארק תעשיות ספירים:כניסה לשדרות,0,2,0,1,0,0,0,0,0,2,0,0,0,0,0,0,0,0,0,0,0,0,0
232::כניסה לברור חיל:כניסה ללפידות (חלץ),0,6,0,2,0,0,0,0,0,4,0,0,0,0,0,0,0,0,0,0,0,0,0
232::כניסה לכוכב מיכאל:צומת גבעתי,0,5,0,0,0,0,0,0,0,0,0,0,0,0,0,0,0,0,0,0,0,0,0
232::צומת גבעתי:צומת הודייה,0,5,0,0,0,0,0,0,0,0,0,0,0,0,0,0,0,0,0,0,0,0,0
258::צומת צפית:כניסה למפעלי רותם,0,2,0,1,0,0,0,0,0,2,0,0,0,0,0,0,0,0,0,0,0,0,0
367::צומת כפר צוריף:כניסה לאלון שבות,0,2,0,0,0,0,0,0,0,0,0,0,0,0,0,0,0,0,0,0,0,0,0
375::צומת האלה:צומת עדולם,0,14,0,0,0,0,0,0,0,0,0,0,0,0,0,0,0,0,0,0,0,0,0
"375::כניסה לנתיב הל""ה:כניסה לעמק האלה",0,6,0,0,0,0,0,0,0,0,0,0,0,0,0,0,0,0,0,0,0,0,0
383::צומת כפר מנחם:כניסה לשערי אברהם,0,4,0,0,0,0,0,0,0,0,0,0,0,0,0,0,0,0,0,0,0,0,0
"383::כניסה לכפר הרי""ף:כניסה לגפן",0,1,0,0,0,0,0,0,0,0,0,0,0,0,0,0,0,0,0,0,0,0,0
383::כניסה לתירוש:כניסה לשדות מיכה,0,1,0,0,0,0,0,0,0,0,0,0,0,0,0,0,0,0,0,0,0,0,0
395::צומת אשתאול:כניסה לכסלון,0,5,0,0,0,0,0,0,0,0,0,0,0,0,0,0,0,0,0,0,0,0,0
395::כניסה לכסלון:כניסה לרמת רזיאל,0,2,0,0,0,0,0,0,0,0,0,0,0,0,0,0,0,0,0,0,0,0,0
395::כניסה לרמת רזיאל:כניסה לגל עד,0,2,0,0,0,0,0,0,0,0,0,0,0,0,0,0,0,0,0,0,0,0,0
"395::כניסה לצובה:כניסה לבי""ס חקלאי עין כרם",0,7,0,0,0,0,0,0,0,0,0,0,0,0,0,0,0,0,0,0,0,0,0
411::יישוב כפר גבירול רח הרדוף:כניסה לקריית עקרון,0,16,0,7,1,0,0,1,1,0,0,0,0,0,0,0,0,0,0,0,0,0,0
411::כניסה לקריית עקרון:כניסה לעקרון,0,8,0,0,0,0,0,0,0,0,0,0,0,0,0,0,0,0,0,0,0,0,0
411::צומת מזכרת בתיה:כניסה למזכרת בתיה,0,5,0,0,0,0,0,0,0,0,0,0,0,0,0,0,0,0,0,0,0,0,0
375::צומת עציונה:כניסה לזנוח,0,0,0,0,0,1,1,0,0,0,0,0,0,0,0,0,0,0,0,1,0,0,0
,נפגעים - הרוגים,נפגעים - קל,תאונות - כללי - קטלניות,תאונות - כללי - קלות,תאונות - דו גלגלי - נפגעים - הרוגים,תאונות - דו גלגלי - נפגעים - קל,תאונות - דו גלגלי - תאונות - קטלניות,נפגעים - קשה,תאונות - משאית - נפגעים - קל,תאונות - כללי - קשות,תאונות - הולכי רגל - נפגעים - קל,תאונות - הולכי רגל - תאונות - קלות,תאונות - דו גלגלי - נפגעים - קשה,תאונות - דו גלגלי - תאונות - קשות,תאונות - משאית - נפגעים - קשה,,,,,,,,
3866::צומת נס הרים:כניסה לנס הרים ממערב,1,3,1,2,1,1,1,0,0,0,0,0,0,0,0,,,,,,,,
8993::כניסה לחרבת אדמית:כניסה לאדמית,1,3,0,0,0,0,0,3,0,0,0,0,0,0,0,,,,,,,,
3922::כניסה לאזור תעשייה כנות (צפון):כניסה לאזור תעשייה כנות (דרום),0,2,0,0,0,0,0,0,0,0,0,0,0,0,0,,,,,,,,
4233::צומת נען:כניסה לנען,0,4,0,0,0,0,0,0,0,0,0,0,0,0,0,,,,,,,,
4304::צומת מצליח:כניסה למצליח,0,3,0,0,0,0,0,0,0,0,0,0,0,0,0,,,,,,,,
4311::צומת לגן שורק:כניסה לאזור תעשיה,0,8,0,4,0,1,0,0,0,0,0,0,0,0,0,,,,,,,,
4313::צומת נס ציונה (צפון):כניסה לבאר יעקב,0,3,0,0,0,0,0,0,0,0,0,0,0,0,0,,,,,,,,
4313::כניסה לאזור תעשיה:כניסה לצריפין שער י-ם,0,1,0,1,0,1,0,0,0,0,0,0,0,0,0,,,,,,,,
4623::כניסה לנחלים:כניסה לנופך,0,1,0,1,0,0,0,0,1,0,0,0,0,0,0,,,,,,,,
5066::צומת יקיר:כניסה ליקיר,0,1,0,0,0,0,0,0,0,0,0,0,0,0,0,,,,,,,,
5066::כניסה ליקיר קטן:כניסה לקנה,0,16,0,3,0,0,0,1,1,1,0,0,0,0,0,,,,,,,,
5066::צומת לעמנואל:כניסה לג'ינסאפוט,0,2,0,0,0,0,0,0,0,0,0,0,0,0,0,,,,,,,,
5504::צומת כפר סבא מזרח/ קבר בנימין:כניסה לניר אליהו,0,6,0,4,0,2,0,0,0,0,1,1,0,0,0,,,,,,,,
"5613::צומת פרדסייה:כניסה לבי""ח פרדסייה",0,3,0,2,0,0,0,0,2,0,0,0,0,0,0,,,,,,,,
"5613::כניסה לבי""ח פרדסייה:כניסה לצור משה",0,2,0,1,0,0,0,1,2,1,0,0,1,1,0,,,,,,,,
5613::כניסה לצור משה:כניסה לגאולים,0,3,0,0,0,0,0,0,0,0,0,0,0,0,0,,,,,,,,
5614::צומת קלנסווה:כניסה לקלנסווה,0,4,0,1,0,1,0,1,0,1,0,0,1,0,0,,,,,,,,
5711::צומת רופין:כניסה למדרשת רופין,0,5,0,2,0,1,0,1,0,1,0,0,0,0,0,,,,,,,,
5714::צומת ניצני עוז:כניסה ליד חנה,0,2,0,1,0,0,0,0,2,0,0,0,0,0,0,,,,,,,,
5720::צומת חפר:מפגש עם מסילת ברזל,0,4,0,0,0,0,0,0,0,0,0,0,0,0,0,,,,,,,,
6400::צומת משהד:כניסה להר יונה,0,4,0,2,0,0,0,0,1,0,0,0,0,0,0,,,,,,,,
6403::כניסה לשער מנשה (מזרח):כניסה לשער מנשה (מערב),0,1,0,0,0,0,0,0,0,0,0,0,0,0,0,,,,,,,,
6403::כניסה לשער מנשה (מערב):כניסה לגן שומרון,0,4,0,0,0,0,0,0,0,0,0,0,0,0,0,,,,,,,,
6513::צומת לברטעה:כניסה לברטעה עליונה,0,3,0,0,0,0,0,0,0,0,0,0,0,0,0,,,,,,,,
6734::כניסה ליעל:כניסה לפרזון,0,2,0,0,0,0,0,0,0,0,0,0,0,0,0,,,,,,,,
"6953::כניסה לבי""ס גדנ""ע:כניסה למ חינוך שומרה",0,4,0,0,0,0,0,0,0,0,0,0,0,0,0,,,,,,,,
7111::צומת עין הוד:כניסה לעין הוד,0,4,0,1,0,0,0,2,2,1,0,0,0,0,2,,,,,,,,
7255::כניסה לאזור תעשייה מגדל העמק:צומת כפר ברוך,0,6,0,3,0,0,0,0,2,0,0,0,0,0,0,,,,,,,,
7255::צומת כפר ברוך:כניסה לאזור תעשייה מפעלי העמק,0,6,0,3,0,0,0,0,2,0,0,0,0,0,0,,,,,,,,
7513::צומת אלונים:כניסה לאלונים,0,2,0,0,0,0,0,0,0,0,0,0,0,0,0,,,,,,,,
7626::צומת נהלל:כניסה דרומית לזרזיר ,0,2,0,2,0,1,0,0,0,0,0,0,0,0,0,,,,,,,,
7717::כניסה לארבל:כניסה לכפר זיתים,0,6,0,0,0,0,0,0,0,0,0,0,0,0,0,,,,,,,,
7955::צומת יודפת:כניסה ליודפת,0,6,0,0,0,0,0,0,0,0,0,0,0,0,0,,,,,,,,
8277::צומת כורזים:כניסה לכורזים,0,5,0,0,0,0,0,0,0,0,0,0,0,0,0,,,,,,,,
8510::כניסה למשמר הים:צומת עין המפרץ,0,10,0,0,0,0,0,0,0,0,0,0,0,0,0,,,,,,,,
8510::צומת עין המפרץ:צומת עכו (דרום),0,8,0,0,0,0,0,0,0,0,0,0,0,0,0,,,,,,,,
8655::צומת סמוע:כניסה לפקיעין החדשה,0,1,0,0,0,1,0,1,0,1,0,0,1,0,0,,,,,,,,
8677::צומת כפר הנשיא:כניסה לאזור תעשייה צ.ח.ר,0,16,0,5,0,0,0,0,2,0,0,0,0,0,0,,,,,,,,
8833::צומת אשרת:כניסה ליחיעם,0,10,0,0,0,0,0,0,0,0,0,0,0,0,0,,,,,,,,
8833::כניסה לעין יעקב:כניסה לאזור תעשייה תרשיחא,0,1,0,0,0,0,0,1,0,1,0,0,0,0,0,,,,,,,,
8835::כניסה למעונה (מזרח):כניסה לתרשיחא,0,3,0,0,0,0,0,0,0,0,0,0,0,0,0,,,,,,,,
8835::כניסה לתרשיחא:צומת תרשיחא,0,6,0,0,0,0,0,2,0,1,0,0,0,0,0,,,,,,,,
8900::כניסה לבירייה:צומת צפת,0,5,0,0,0,0,0,0,0,0,0,0,0,0,0,,,,,,,,
8900::יישוב צפת רח השבעה:יישוב צפת שיכון ב,0,3,0,0,0,0,0,0,0,0,0,0,0,0,0,,,,,,,,
8900::יישוב צפת שיכון ב:יישוב צפת רח מנחם בגין,0,3,0,0,0,0,0,0,0,0,0,0,0,0,0,,,,,,,,
9088::צומת נשוט:כניסה לקצרין (צפון),0,10,0,0,0,0,0,0,0,0,0,0,0,0,0,,,,,,,,
9088::כניסה לקצרין (צפון):כניסה לקצרין (דרום),0,5,0,0,0,0,0,0,0,0,0,0,0,0,0,,,,,,,,
9779::כניסה לעמיר:צומת שמורת נחל רחום,0,4,0,0,0,0,0,1,0,1,0,0,0,0,0,,,,,,,,
9888::צומת בית הלל:כניסה לבית הלל,0,1,0,0,0,0,0,0,0,0,0,0,0,0,0,,,,,,,,
9977::צומת משגב עם:כניסה למחצבה,0,1,0,0,0,0,0,0,0,0,0,0,0,0,0,,,,,,,,
::צומת משגב עם:כניסה למחצבה,0,1,0,0,0,0,0,0,0,0,0,0,0,0,0,,,,,,,,
4103::צומת תל נוף:כניסה לבית אלעזרי (דרום),0,0,0,0,0,0,0,1,0,0,0,0,0,0,0,,,,,,,,
4775::צומת אריאל:כניסה לאריאל,0,0,0,0,0,0,0,1,0,0,0,0,0,0,0,,,,,,,,
"8967::צומת מבצר ברעם:כניסה לדוב""ב",0,0,0,0,0,0,0,1,0,1,0,0,1,0,0,,,,,,,,
